https://www.yeesco.com.br,Nenhum número encontrado
https://www.marisa.com.br,Nenhum número encontrado
https://www.quintess.com.br,Nenhum número encontrado
https://www.quatroestacoes.com.br,Nenhum número encontrado
https://www.marguerite.com.br,Nenhum número encontrado
https://www.shebrand.com.br," (11) 97672-6847,  (11) 99158-9647"
https://www.bonprix.com.br,Nenhum número encontrado
https://lojasimporium.com.br,Nenhum número encontrado
https://musaboho.com.br,Nenhum número encontrado
https://www.lojaemporiostore.com.br," (11) 2680-8364,  (11) 96545-4095"
https://dondoca.com.br," (17) 99648 4880,  (17) 3442-4374"
https://www.theoneapparel.com,Nenhum número encontrado
https://www.mundoplussize.com.br,Nenhum número encontrado
https://lojista.rovitex.com.br,Nenhum número encontrado
https://www.lojastrass.com.br," (47) 99783-4473,  (47) 3035-7195"
https://fernandaramosstore.com.br," (17) 3264-7200,  (17) 98191-7747"
https://territoriocarioca.com.br," 0838641000012, (21) 96659-7689"
https://www.giveri.com.br, 0919761400018
https://donnabela.com,"558198276421,  373463250001, 81982764215"
