https://www.atacadaoprata925.com.br, (82) 99143-2677
https://www.maniadebiju.com.br, (21) 96913-6734
https://www.maniadmulher.com," (31)99378-6530, (31)99378-6530"
https://vantagejoias.com,Nenhum número encontrado
https://www.vivara.com.br,Nenhum número encontrado
https://www.codebrincosmasculinos.com.br,"(34) 99174-2518,  (34) 99649-9559,  (34) 99174-2518"
https://www.lojaodaspratas.com.br, (11) 93146-1512
https://www.ysyacessorios.com.br,"22 992778901,  22 992778901,  462761550001"
https://santaritasemijoiasfinas.com.br," 423459050001, 61991606106"
https://unaculture.com.br,(11) 94208-0333
https://www.usedivinaprata.com.br,(34) 98804-5026
https://www.amazingday.com.br,214650021465
https://www.dalumajoias.com.br,"(11) 969266418,  181225220001"
https://www.biaaloi.com.br," 94018-5468,  551197035140, 551197035140"
https://www.lojaohanajoias.com.br,Nenhum número encontrado
https://www.zara.com,Nenhum número encontrado
https://lilicebiju.com.br,"552199010011, 21 990100116,  552199010011,  361622620001"
https://arffolheados.commercesuite.com.br,"134578910111, 112131415161, 123456789101,  119751032711, 1975103271, 119751032711, 11975103271, 12345678910"
https://www.universovioleta.com.br,Nenhum número encontrado
https://www.kabalajoias.com.br," 11956653808,  551195665380, 551195665380, 11956653808,  446380120001"
https://www.luizasemijoias.com.br,Nenhum número encontrado
https://www.mundojoias.com.br," (11) 96457-1186,  (19) 98247-0129"
https://malorenacessorios.com.br," 370734400001, 11976711937"
https://www.helosemijoias.com," 19 99219-2344,  19 99271-4742, 19 99271-4742"
https://www.azulayacessorios.com.br,"(21) 99744-8417, (21) 3129-3389,  (21) 3129-3389"
https://eurolinejoias.com.br,Nenhum número encontrado
https://www.filipjoias.com.br," (11) 95158-9745, -103841844728"
https://www.anjodamamae.com.br,"468101214123, 46810121416, 468101214, 1468102357, 2468101214,  (14)3425-1487, (14)3425-1487, 6810121424"
https://www.lojagringao.com.br, (21) 98246-1826
https://www.lineacessorios.com.br," 441757080001, 553731121143, 37 3112-1143"
https://www.pratafina.com.br,Nenhum número encontrado
https://www.rosanabijoux.com," 551195389438, 551195389438,  366791290001"
https://malacheia.com,"551998191177,  352828260001, (19) 2221-7478"
https://www.belavishop.com.br,(11) 93234-4615
https://www.aranys.com.br, (11) 94039-8201
https://www.luvijoias.com.br," 5133271206,  3200100014, 5130011206, 3500442500,  5133281400, 5320974200, 5321357000, 5306094200, 5306105000, 5426980000,  5133321484, 5267150015,  5129991206, 3200100014, 5426970000,  5426970000, 5271000000,  5269810014,  3270730000, 5427000033, 3100111414,  5312254591,  5133301206,  5133261233, 5303074200, 5231820000,  5423470006, 5520716000, 5426960000, 3100081206,  5267190029,  (21) 98250-9776, 5426940000, 3270730000,  5267150015,  5133291200,  5427000033, 5267190029, 5209810000, 5269810014,  5130011206, 5520612000,  5426940000, 5312254591, 5266070000, 5202460000, 5423470006,  5130371414"
https://www.aquajoias.com.br, (11) 97536-4005
https://eliciarommanel.com.br," 553198411192,  404747580001, 553198411192, (31) 984111921"
https://www.storewomens.com.br," 526695 3200,  523819 3210,  513012 3100,  520293 3203,  510892-1101, (11) 99914-7460,  541526 1407,  532155 3300,  551735 3500,  532151 3300,  526702 3200,  522928 3202,  523214 3207,  (11) 99914-7460"
https://www.gskjoias.com.br, (19) 98176-8114
https://virtualjoias.com,(11) 3522-4808
https://www.artcocojoias.com.br," (11) 93299-6041, (11) 93299-6041,  (11) 3885-1621, 11 93299 6041"
https://www.webcontinental.com.br, 0963171399
https://www.drogaraia.com.br," 355030801,  (11) 3765-2376,  (11) 3765-0688"
https://amure.com.br," 194936410001, 551998180347"
https://www.muzazen.com.br, (11) 97171-5799
https://www.foliate.com.br,"(16) 99050-2020,  (16) 99050-2020"
https://www.genuineprata.com.br,"556298422293,  402984950001,  556298422293"
https://www.goldenclasssemijoias.com.br,"11916971685,  916971685,  11916971685"
https://flomon.com.br,"551195955194,  407929000001, 9 5955 1946"
http://www.lacosdefilo.com.br,(21) 96707-5228
https://www.cabidecarioca.com.br," 552197299199, 552197299199, 21 97299-1995"
https://meubrilhosemijoias.com.br,Nenhum número encontrado
https://www.ouroinfantil.com.br,(21) 99710-0303
https://www.abbudsato.com.br, 375260670001
https://leforce.com.br,(34) 99900-5020
https://www.fabricadoouro.com.br," (16) 99293-5448, (16) 99293-5448"
https://www.lafaiane.com.br," 556499614373, 556499614373, +5564996143732"
https://www.homeehome.com.br," 41 4042-0042, 380512700001"
https://www.kleoz.com.br,Nenhum número encontrado
https://www.stellasemijoias.com.br," (11) 97018-4425, (11) 2281-7529, (11) 97018-4425"
https://www.luxjoias.com,Nenhum número encontrado
https://www.mahna.com.br,"(11) 95315-9908,  (11) 3459-3326, (11) 3459-3326,  (11) 95315-9908"
https://www.flordebaunilhaacessorios.com.br,"115528451413,  (16) 99414-9801"
https://www.annacommercebr.com,Nenhum número encontrado
https://www.arteseacessorios.com.br," 811247811247, 811247811247"
https://www.angelajesus.com.br, (19) 99664-3839
https://www.luancejoias.com.br,(21) 96722-3140
https://rdpratas.com.br," (41) 99198-4275, (41) 99198-4275,  (41) 3273-7484"
https://www.elaup.com.br,"552799292448,  483905840001,  (27) 99292-4483"
https://www.bijuhmoderna.com.br,"(48) 9191-6133, (48) 99191-6133"
https://www.mundohertzquantico.com.br," 5499666-9161,  319736660001"
https://www.difeacessorios.com.br,Nenhum número encontrado
https://www.joiaspetmom.com.br, 9 81537444
https://www.hippieartesanatos.com,"(14) 99813-3238,  (14) 99813-3238"
https://joias-limeira.com,(19) 98827-0903
https://www.varomajoias.com.br, (54) 3443-6389
https://www.priacessorios.com.br,Nenhum número encontrado
https://www.lakabijoux.com.br,"551197395917,  551197395917, 11973959175,  11942344385"
https://www.rgjoiasoficial.com.br,62 99863-9856
https://www.dipua.com.br,"+55 (21) 97077-9366, +55 (21) 3629-4540"
https://www.julializie.com.br," (54) 3443 4665,  (54) 993859683,  0941540300017"
https://www.softjoias.com.br," 9 9835-2240,  43 99835-2240, 43 99835-2240,  (43) 3016-2808"
https://www.cljoias.com.br,Nenhum número encontrado
https://www.princesadeprata.com.br, 24 99925-3985
https://www.jhoa.com.br,"62996608800, 556299660880,  489199830001"
https://www.drjoias.com.br,"(11) 98697-8066, (11) 4324-2778"
https://www.santaluciadrogarias.com.br,"(27) 2127-7000,  (27) 99312-9711,  (27) 2127-7000,  (27) 3382-3300"
https://www.nacarpratas.com.br,"171819202122, 891011121415, 121314151718, 111213141516, 101112132122, 232526272829, 101215171821, (11) 97957-4094, 141617192021, 122232425, 232425272829, 111214151618, 101112131415, 101112141516, 2223242526,  (11) 97957-4094, 151618202122, 101113141516, 222324252627, 111213212225, 232425262728, 891011121314, 161718192021, 910111213141, 131517192123,  (11) 98437-5080, 516171819202, 151617181920"
https://www.keydesign.com.br,Nenhum número encontrado
https://www.giuventi.com.br, (11) 99380-0132
https://www.butiquedabeleza.com.br,(18) 997482059
https://www.santoremedio.com.br," (92) 99224-2323,  (95) 99131-1012,  (92)9224-2323,  (92) 3212-8000"
https://www.trigata.com.br," (51) 98240-8173, (51) 98240-8173"
https://www.ilzesemijoias.com,"(81) 98982-3312,  503523020001"
https://www.joiasprime.com.br," (11) 4171-0753, (11) 99563-8727, (11) 4171-0753"
https://www.vevilijoias.com.br,"(11) 99806-6735, (11) 98869-3256, (11) 99720-1501"
https://www.aquilajoias.com.br,Nenhum número encontrado
https://www.suzzure.com,Nenhum número encontrado
https://mariajoaosemijoias.com.br,"558188366250,  558188366250,  350083060001, (81) 8836-6250"
https://www.pistacheacessorios.com.br," (15) 99750-2070, (15) 3346-1300, 551533461300,  (15) 3346-1300,  0284262800016"
https://www.dianddi.com.br, 479344950001
https://lojamaterjoias.com.br," 352957520001, 77981494023"
https://corenos.com.br," 558199303020,  367743410001, 558199303020, (81) 99303-0208"
https://www.lojadasrevendedoras.com,"(62) 98260-9631, (62) 3924-3047,  (62) 98260-9631,  (62) 3924-3047,  140165190001"
https://www.gabsfolheados.com.br, 19998520725
https://www.sojoias.com.br," (38) 99205-6463,  (38) 99938-1027"
https://www.bulgari.com,Nenhum número encontrado
https://www.drogaven.com.br," 1633369000,  350320802, (16) 3336-9000,  (16)3336-9000"
https://www.pratade15reais.com.br,"(11) 94245-7313, (11) 942457313, (11) 97174-2331"
https://prestigejoias.com, (11) 98603-7252
https://tiendamia.com,Nenhum número encontrado
https://www.creationwatches.com,Nenhum número encontrado
https://www.julianaroncajoias.com.br, (18) 99731-6257
https://www.encantoscristalinos.com.br," (37) 98819-0256, (37) 98819-0256"
https://www.liliprataria.com.br,Nenhum número encontrado
https://luencantos.com.br,"551899609153, (18) 99609 1530,  551899609153,  529173150001"
https://www.atraktivajoias.com.br," (47) 99636-0100,  (47) 99109-6415"
https://www.allumbre.com.br, (11) 3097-0721
https://www.morenaprata925.com.br,(27)99261-9245
https://www.fernandasallessemijoias.com.br,Nenhum número encontrado
https://www.lojaflaviak.com.br," 9 9942-3200, (48) 99942-3200"
https://www.shipeicomprei.com.br, (41) 99288-2705
https://www.conceitokjoias.com.br, (11) 91361-5343
https://www.angelboxsemijoias.com.br,"551499762848, (14) 99762-8485,  333272290001"
https://www.hstern.com.br, (21) 966215104
https://www.amicamia.com.br," (11) 91599-1484,  209915310001"
https://www.flystudio.com.br,(11) 98874-8140
https://ennila.com.br," 558598229900,  445308620001,  (11) 91445-4545,  (85) 98229-9000, 558598229900"
https://www.farabeloshop.com.br,"(11) 94513-6269, 551194513626,  432017400001,  551194513626,  (11) 94513-6269"
https://www.pienna.com.br," 241329860001,  9 9329-7193"
https://www.privilegesemijoias.com.br,Nenhum número encontrado
https://www.zarohjoiasatacado.com.br, (82) 99601-4330
https://www.morganitte.com.br," 371710960001, (11)99206-8858"
https://www.danzijoias.com.br,"(18) 99157-6343, 18991576343"
https://www.gabrielaoliveirasemijoias.com.br,"(14) 98816-4655, (14) 988164655"
https://www.nenitamimos.com.br,"62996763538,  62996763538"
https://www.aletheiabijoux.com.br,"11910463793, (11) 91046-3793"
https://www.piercingjoia.com.br,"(11) 4554-1543, (11) 94977-1154"
https://www.tudoparamontagem.com.br," (11) 99003-2216,  (12) 3953-5773"
https://www.anikasemijoias.com.br," (11) 93027-9066, 100091741635"
https://www.ceudeprata.com.br,"(11) 95942-1696, (11) 3101-2281, (11) 94855-2746"
https://www.barucsemijoias.com.br," 551199377326, (11) 99377-3260,  417474950001, 551199377326"
https://nffolheados.com.br,Nenhum número encontrado
https://www.dommanijoias.com.br," (62) 99412-7938, 556299412793,  308437120001,  70133720136,  556299412793, (62) 99412-7938"
https://www.mulherloba.com.br," (12) 99191-8943,  35847731809"
https://blessjewel.com.br," 13 981134970, (13) 98113-4970"
https://ammorapratas.com.br,71991615223
https://www.hbsjoias.com, (11) 91781-7780
https://www.dionisiaacessorios.com.br," 51 98173-3474, 51 981733474"
https://www.odarapratas.com.br,"(11) 95807-3965, (11) 98261-0214"
https://www.m6joiasatacado.com.br," (82) 99336-9437, -100367888004"
https://www.isabagnoli.com.br,"+55 11 98999 4800, +55 11 99253 8475"
https://dayconsultorarommanel.com.br,"551198541382, 11948667682,  483647330001,  551198541382"
https://www.tokaiaimportados.com.br,"(21) 3856-7721,  (21) 3856-7721, (21) 98437-9742"
https://pt.www.chriselli.com,Nenhum número encontrado
https://www.saiacerta.com.br,Nenhum número encontrado
https://lbpratas925.com,"556299270244, (62)99270-2442,  513501870001,  556299270244"
https://www.patuacristais.com.br,"751320381057, 789857010038, 789857010029,  (51) 98610-7515"
https://www.maroubraacessorios.com.br,(82) 98835-7285
https://www.mariajoiastore.com.br, (11) 95203-7526
https://www.mariaidalina.com.br, (11) 94585-1233
https://www.jajoias.com.br,"551194002731,  (11) 2061-5794, 476305482561, (11) 94002-7316, 0824444444, 254209146105, 1701089087, 551120615794, 70838694605, 202206230849"
https://www.vracessoriosstore.com.br," 335090290001,  (16) 997441572"
https://zavillepratas.com.br,"553199608604,  553199608604, 3199741-1861"
https://www.mrosasemijoias.com.br," 349352460001,  551998844643, 551998844643, (19) 98844-6436"
https://www.tictacarea.com,"+34 625566089, +34 968641556"
https://emporiocosmeticos27.lojavirtualnuvem.com.br,Nenhum número encontrado
https://www.agaprimejoias.com.br,"(19) 99922-2435,  (19) 99922-2435"
https://www.encantojoiasoficial.com.br," 363499810001,  551299249863, +5512992498638, 551299249863"
https://www.sarabisemijoias.com.br,(11) 96361-9281
https://www.ahya.com.br,Nenhum número encontrado
https://www.coliseu.com.br,Nenhum número encontrado
https://ambarbalticobrasil.com.br,(11) 99822-9294
https://www.lagjoalheiros.com,"531947050099, 150010720, 998541526, 5232810000, 243029520, 5310974000, 526783000099, 5271080000, 100061119, 5420870000, 541304000099, 551674-0771, 25 550610250, 900372024, 400372032, 524077001299, 523306-5251, 5324895000, 520616000099, 0105202020,  (31) 98634-4602, 5229050000, 150008719, 110026522, 199026519, 405029520, 532387-5520, 526044001299,  (31) 3451-4142, 500024719, 531182-5203, 700050722"
https://adrellesemijoias.com.br," 263096920001, (19) 997404587"
https://statussemijoias.com.br,Nenhum número encontrado
https://destacbijouterias.com.br,"21 2252-2948,  21 97038-7317,  552197038731, 552197038731,  0207625900014"
https://www.caravelliacessorios.com.br,"551191480903, 11940019301"
https://charnbelly.com.br,+55 (17) 997510193
https://ariensemijoias.com.br," 516777070001,  551197676504"
https://www.fabricagimenesjoias.com.br, (21) 98724-2251
https://www.use-amelie.com,11 98610 0123
https://www.dourosemijoias.com, 9 9152 0821
https://www.antonietta.com.br,(21) 96516-4185
https://www.flordosol.com.br,(12)99140-3278
https://www.brunatessaro.com.br," 9 9128-6921, (48) 3223-7004"
https://gipojoias.com.br," 322584490001, 551199698089"
https://www.maximjoias.com.br," (12) 99185-3514,  (12) 3921-2090, (12) 3921-2090"
https://www.elegancypratas.com.br," 446740720001, 556298550419"
https://www.lesprit.com.br,"(11) 97324-5837, (11) 3331-4084,  (11) 97324-5837,  (11) 3331-4084"
https://www.reipratas.com.br,"(85) 997537132,  460169920001, 558599753713"
https://mariavistosa.com.br,"(11) 4587-3015,  (11) 4587-3015"
https://www.weigenanntsemijoias.com.br,"100085444880,  (47) 99700-3046"
https://www.opalasjoias.com.br,37 99871 1276
https://www.semijoiasmah.com.br," 554799235770, 554799235770,  351139670001"
https://www.brunathaissemijoias.com.br,"(47) 99157-0496,  425191430001, 554799157049"
https://www.yuriko.com.br,"(11) 5042-2872, (11) 95028-8876"
https://www.artlover.com.br,"11 98231-4651,  11 98231-4651"
https://www.rosaclaro.com.br, (11) 96602-0220
https://www.donaamorapratas.com.br,15991202840
https://letikabiju.com.br," 551599850999, 551599850999"
https://mariachic.com.br, (45) 99905-2037
https://www.sartolinijoias.com.br,"16997337222,  04721671113"
https://www.victoriaregia.com.br, 11 98874-8140
https://www.gioiellidarte.com.br," (31) 99171-7045,  (31) 2552-0089"
https://www.gabrielaeisabelasemijoias.com.br,"(67) 99617-1405,  (67) 99617-1405"
https://www.isaacessoriosbf.com.br," 397150100001, 19 97152-1063,  12295644623,  553599826383, 553599826383"
https://www.prataearte.com.br,"033216026,  (41) 98806-9129, (41) 98806-9129,  (41) 3026-3999, (41) 3026-3999"
https://www.raquelrocha.com.br,Nenhum número encontrado
https://www.lunoze.com.br," (47) 99978-2667, (47) 99978-2667,  (47) 3324-0018"
https://www.giulianaflores.com.br,11 3383-1700
https://www.amorestoresemijoias.com.br,"86 99540-7198, 558699540719"
https://www.qjoias.com.br," (11) 2671-2543,  (11) 9000-0000"
https://www.ayapratas.com.br, 9 9114-7473
https://www.indecisapiercing.com.br," 428989410001, 555199970327"
https://melgalhardo.com.br,Nenhum número encontrado
https://belasjoias.com,(31) 99291-8122
https://www.lummicommerce.com.br,"(11) 97679-2039,  (11) 97679-2039"
https://www.bloomingjoias.com.br,Nenhum número encontrado
https://www.aluenajoias.com.br," 512843110001,  54999682741"
https://www.dorahacessorios.com.br," 552497404022,  493532590001, 552497404022, (24) 97404-0223"
https://www.salinesemijoias.com.br," 344826010001, (12)99622-3924, 551299622392,  551299622392"
https://www.statussemijoias.com.br,Nenhum número encontrado
https://www.simameisemijoias.com.br,Nenhum número encontrado
http://www.gallerist.com.br,Nenhum número encontrado
https://www.rommanelpriscila.com.br,Nenhum número encontrado
https://www.ciadoacessorio.com.br," (11) 99208-1648,  (11) 94569-6813"
https://www.lojaoutletdeouro.com.br, (21) 96099-8808
https://www.joiasmax.com.br," 9 8851-5918, (43) 98851-5918"
https://kdatitude.com.br," 551197161407,  452352280001, 551197161407, +55 11 97161-4076"
https://www.daittinisemijoias.com, (47) 99272-3678
https://www.alissemijoias.com.br,"551599161506, 15991615063"
https://www.donairesemijoias.com.br,(11)99716-3581
https://www.vizalis.com.br," (19) 3442-3510,  (19) 98719-3431"
https://www.annajoias.com.br, (11) 98500-4444
https://lojabellapietra.com.br,Nenhum número encontrado
https://www.baliprataeacessorios.com.br, (19) 99801-9220
https://www.donnanicesemijoias.com.br,(86) 99830-4726
https://www.hfilhossemijoias.com.br,Nenhum número encontrado
https://www.argennti.com.br,"242527282930, 192021222324, 232425262829,  (17) 99707-8017, (17) 99707-8017, 161718192021, (17)99707-8017, 222425262728, 161719202123,  (17)99707-8017, 161718192122"
https://www.lins18kjoias.com.br,"11972257451,  11972257451"
https://www.voraxacessorios.com.br," 9 4699-7027, (11) 94699-7027"
https://www.drogariaminasbrasil.com.br,"(38) 2211-2080, 38-3690-2011"
https://www.gmcristais.com.br," (51) 99438-5895, (51) 99438-5895"
https://santostilo.com, (31) 9599-4835
https://www.clickprata.com.br," 54999300415,  112518610001"
https://www.otasemijoias.com,Nenhum número encontrado
https://www.rarajoia.com.br,"(41) 3247-0259,  187331970001, (31) 98906-6422"
https://www.treschicjoias.com.br,(27) 99293-8232
https://www.prettynew.com.br,Nenhum número encontrado
https://www.madrediva.com," 9 9113-4025, (11) 99113-4025,  (11) 99113-4025"
https://www.retranjoias.com.br," 12722-1649,  (37) 3321-7708,  (37) 99965-4195,  19900-3866"
https://newconsigna.commercesuite.com.br,"(21) 97110-9408, +55 21 97110-9408, 21 97110-9408"
https://www.orit.com.br,"11 3660-1818, 11 98889-2972, (19) 3060-8050, 19 3060-8050, (11) 5093-1822, 11 5093-1823,  11 98889-2972, (11) 3660-1818"
https://www.cuff.com.br,Nenhum número encontrado
https://www.vsaudaz.com.br, 45210536882
https://www.aubrajoias.com.br,"(17) 3227-6289,  (17) 3227-6289"
https://www.bmawebshop.com.br,(34) 349929324
https://lrjoias.com.br," 524833340001, 552196504287"
https://www.joiasimperial.com.br," 300774550001, 54996536590"
https://www.aeajoias.com.br,+55 (17)3121-9462
https://shekinahjoias.commercesuite.com.br," (21) 98346-2071, (21)98346-2071,  (21)98346-2071"
https://rubialage.com.br,31987940138
https://santisajoias.com.br,Nenhum número encontrado
